Hostel_ID,Name,Capacity,Warden_Name,Contact
1,Riverside,200,Mr. John Lewis,123-456-7890
2,Sunshine,150,Ms. Sarah Brown,234-567-8901
3,Greenfield,180,Mr. David King,345-678-9012
4,Hilltop,220,Ms. Linda Scott,456-789-0123
5,Lakeside,170,Mr. Robert Young,567-890-1234
6,Maple,140,Ms. Karen Lee,678-901-2345
7,Oakwood,160,Mr. James White,789-012-3456
8,Pineview,190,Ms. Emily Clark,890-123-4567
9,Ridge,210,Mr. Michael Evans,901-234-5678
10,Valley,230,Ms. Nancy Adams,012-345-6789
11,Rosewood,200,Mr. Chris Green,123-456-7800
12,Birch,150,Ms. Jessica Hall,234-567-8902
13,Elm,180,Mr. Tom Martinez,345-678-9013
14,Cedar,220,Ms. Allison Harris,456-789-0124
15,Willow,170,Mr. Brian Turner,567-890-1235
16,Cherry,140,Ms. Megan Wright,678-901-2346
17,Seaview,160,Mr. Steven Roberts,789-012-3457
18,Stonehill,190,Ms. Olivia Perry,890-123-4568
19,Highland,210,Mr. Anthony Diaz,901-234-5679
30,Oceanview,230,Ms. Laura Griffin,012-345-6790
121,Anil,255,Ms. Solanki,012-345-2645
110,Riverside,200,Mr. John Lewis,123-456-7890
111,Sunshine,150,Ms. Sarah Brown,234-567-8901
112,Greenfield,180,Mr. David King,345-678-9012
113,Hilltop,220,Ms. Linda Scott,456-789-0123
114,Maplewood,160,Mr. Andrew Hall,567-890-1234
115,Blue Haven,140,Ms. Emma Watson,678-901-2345
116,Lakeside,190,Mr. Richard Parker,789-012-3456
117,Woodland,210,Ms. Olivia Green,890-123-4567
118,Meadowview,230,Mr. Steven Moore,901-234-5678
119,Skyline,240,Ms. Laura White,012-345-6789
120,Rose Garden,170,Mr. Charles Harris,123-456-7891
121,Sunnyvale,250,Ms. Patricia Lewis,234-567-8902
122,Evergreen,180,Mr. Michael Walker,345-678-9013
123,Golden Gate,160,Ms. Lisa Scott,456-789-0124
124,Valley View,220,Mr. Robert Johnson,567-890-1235
125,Parkside,200,Ms. Angela Martinez,678-901-2346
126,Riverfront,210,Mr. William Brown,789-012-3457
127,Sunset,190,Ms. Deborah Allen,890-123-4568
128,Green Meadows,230,Mr. Paul Jackson,901-234-5679
129,Willow Creek,240,Ms. Nancy Harris,012-345-6780
